feature_0,feature_1,feature_2,feature_3
-0.9687924023079593,-0.5639183982871433,1.3381570922728894,0.9791757424334848
-0.7819691046633421,-0.342432072750047,1.3381570922728896,-0.8634939059119296
-0.18806515687468053,-0.21749471160089243,-0.5622465681928669,0.8594861631786358
0.062082911016250616,-1.3532962146548817,-0.5622465681928646,-0.6914457940034187
0.08964708564273317,-0.08070729049767243,-0.5611593807440884,-1.1239881938909584
1.2233105296481563,1.3066955667373221,-0.553666867694149,0.23112042240128927
1.8669432080386619,1.3181439913408701,4.299619463165359,-0.11873190411187126
