feature_0,feature_1,feature_2,feature_3
-0.9714673535574053,-0.5631793718906475,1.3381570922728891,0.9825369831472015
-0.8597044031468732,-0.4828606946136736,1.3381570922728911,-0.8458273665014211
-0.4587762874377387,-0.25870395996698675,-0.5622465681928654,0.9680334208013351
-0.04203020019551647,-0.2904065133380089,-0.5622465681928673,-1.0818943665927434
0.95798010592922,2.0676612752963233,-0.40034066974536264,-0.07437921012804978
1.2235955745981413,0.21847331204427087,-0.5577820333601355,0.2909191126870668
1.8669432080386617,1.3181439913408701,4.299619463165359,-0.11873190411187126
