feature_0,feature_1,feature_2,feature_3
11.83763979946009,2.827674508291553,0.260701889703045,27.65792518318584
12.19603688933202,2.999202392821532,0.27866400797607105,161.31655034895348
8.639303482587074,2.021144278606965,0.49502487562189046,87.45646766169152
