feature_0,feature_1,feature_2,feature_3
13.460196292257388,3.0147219193020716,0.2417302798982186,129.35841512177407
11.698648648648653,2.760358108108107,0.2743243243243229,33.16993243243276
8.78356890459365,2.665371024734982,0.4210836277974084,197.40047114252093
