feature_0,feature_1,feature_2,feature_3
-0.6882655915228311,-0.4476421331433522,0.47076774311214903,0.8529864492107608
-0.2636540473901295,-0.3631750533699166,-0.14685348272399248,-1.0784230477174062
1.0564353222993916,0.884947950386327,-0.38489725398844105,0.1410222775032612
