feature_0,feature_1,feature_2,feature_3
1.0684243508629443,0.8950260148746586,-0.3882139219644677,0.11605524696164891
-0.29821661310775716,-0.37536098035277643,-0.07646922801762998,-1.0545110582592183
-0.6649679371188255,-0.4368123218277202,0.41863049406905234,0.9066770409168919
