feature_0,feature_1,feature_2,feature_3,feature_4,feature_5,feature_6,feature_7,feature_8,feature_9,feature_10,feature_11,feature_12,feature_13,feature_14,feature_15
5.060145178015898,11.363636363636376,2.6659730383684748,97.07673695126161,1.248530936743864,0.2696163152436902,6.764604217075698,3.3235395782924284,0.7169028689941243,0.018320082958866085,32.981679917041134,8.237469754580024,33.37919115105461,0.8658831662633945,0.9605945385413072,0.00725890079502246
5.166097352690007,7.95324508966694,2.399359521776259,61.08240819812105,1.1784799316823233,0.495730145175063,6.500426985482489,3.170794192997437,0.5358667805294623,0.00725875320239101,22.36293766011957,6.071733561058929,159.84884713919755,0.9393680614859095,0.7873612297181894,0.001280956447480745
4.4034038638454405,16.131554737810518,3.522539098436058,162.23551057957656,1.472861085556581,0.11545538178472797,7.442502299908004,3.57175712971481,0.5887764489420427,0.07359705611775538,47.648114075437064,10.747470101195923,146.41306347746115,0.9507819687212515,0.7782888684452621,0.03817847286108567
