feature_0,feature_1,feature_2,feature_3
8.794743059657424,2.6732427643236853,0.419373892498523,197.5020673360901
11.698648648648653,2.760358108108107,0.2743243243243229,33.16993243243277
13.444847605224991,3.0092525399129166,0.24310595065312024,129.41944847605242
