mean_fit_time,std_fit_time,mean_score_time,std_score_time,param_C,param_kernel,params,split0_test_score,split1_test_score,split2_test_score,mean_test_score,std_test_score,rank_test_score
3.42921773592631,0.16770569762140555,0.13875452677408853,0.017448348992312058,10,linear,"{'C': 10, 'kernel': 'linear'}",0.5440729483282675,0.5344478216818642,0.5321844906234161,0.536901753544516,0.005154298713366214,4
3.0490832328796387,0.20808330870370284,0.6317837238311768,0.04491100309286256,10,rbf,"{'C': 10, 'kernel': 'rbf'}",0.6225937183383992,0.6256332320162108,0.6305119107957425,0.6262462870501175,0.0032615252366371113,2
2.0465946992238364,0.09019168173117005,0.2313530445098877,0.027616544129129183,10,sigmoid,"{'C': 10, 'kernel': 'sigmoid'}",0.36879432624113473,0.32674772036474165,0.366953877344146,0.35416530798334084,0.019401716352826063,6
17.31225649515788,1.2410484368094414,0.2154082457224528,0.04409664525084854,100,linear,"{'C': 100, 'kernel': 'linear'}",0.544579533941236,0.5344478216818642,0.5321844906234161,0.5370706154155055,0.00538940689003771,3
6.395078182220459,0.1521100591408559,0.8069772720336914,0.16730826968654966,100,rbf,"{'C': 100, 'kernel': 'rbf'}",0.6575481256332321,0.6413373860182371,0.6609224531170805,0.6532693215895166,0.008548872687863083,1
2.4761794408162436,0.049242719564967806,0.35904884338378906,0.06645460229947339,100,sigmoid,"{'C': 100, 'kernel': 'sigmoid'}",0.364741641337386,0.3262411347517731,0.377090724784592,0.3560245002912504,0.021655047335284314,5
